beta,accuracy
0.00001,0.86861
0.0001,0.87392
0.001,0.87983
0.01,0.88514
0.1,0.88012
1.0,0.84174